{
	"format_version": "1.12.0",
	"minecraft:geometry": [
		{
			"description": {
				"identifier": "geometry.candle_11",
				"texture_width": 16,
				"texture_height": 16,
				"visible_bounds_width": 4,
				"visible_bounds_height": 2.5,
				"visible_bounds_offset": [0, 0.75, 0]
			},
			"bones": [
				{
					"name": "group2",
					"pivot": [-10, 1, 8],
					"cubes": [
						{
							"origin": [-13.5, 0, 5],
							"size": [4, 5, 4],
							"uv": {
								"north": {"uv": [9.66667, 4.33333], "uv_size": [1, 1]},
								"east": {"uv": [9.66667, 4.33333], "uv_size": [1, 1]},
								"south": {"uv": [9.66667, 4.33333], "uv_size": [1, 1]},
								"west": {"uv": [9.66667, 4.33333], "uv_size": [1, 1]},
								"up": {"uv": [10.66667, 5.33333], "uv_size": [-1, -1]},
								"down": {"uv": [10.66667, 5.33333], "uv_size": [-1, -1]}
							}
						},
						{
							"origin": [-13, 0.75, 4.95],
							"size": [3, 3.5, 0.95],
							"uv": {
								"north": {"uv": [5.33333, 10.66667], "uv_size": [2.66667, 3.33333]},
								"east": {"uv": [5.33333, 14], "uv_size": [1.66667, 2], "uv_rotation": 90},
								"south": {"uv": [5.33333, 14], "uv_size": [1.66667, 2], "uv_rotation": 90},
								"west": {"uv": [5.33333, 14], "uv_size": [1.66667, 2], "uv_rotation": 90},
								"up": {"uv": [7, 16], "uv_size": [-1.66667, -2], "uv_rotation": 90},
								"down": {"uv": [7, 16], "uv_size": [-1.66667, -2], "uv_rotation": 90}
							}
						},
						{
							"origin": [-13, 3.1, 5.5],
							"size": [3, 2, 3],
							"uv": {
								"north": {"uv": [0.33333, 11], "uv_size": [1.66667, 1.66667]},
								"east": {"uv": [0.33333, 11], "uv_size": [1.66667, 1.66667]},
								"south": {"uv": [0.33333, 11], "uv_size": [1.66667, 1.66667]},
								"west": {"uv": [0.33333, 11], "uv_size": [1.66667, 1.66667]},
								"up": {"uv": [2.33333, 15.33333], "uv_size": [-1.66666, -1.66666]},
								"down": {"uv": [2, 12.66667], "uv_size": [-1.66667, -1.66667]}
							}
						},
						{
							"origin": [-11.65, 4.1, 6.85],
							"size": [0.3, 2, 0.3],
							"uv": {
								"north": {"uv": [9.33333, 14.66667], "uv_size": [0.33334, 1]},
								"east": {"uv": [9.33333, 14.66667], "uv_size": [0.33334, 1]},
								"south": {"uv": [9.33333, 14.66667], "uv_size": [0.33334, 1]},
								"west": {"uv": [9.33333, 14.66667], "uv_size": [0.33334, 1]},
								"up": {"uv": [9.66667, 15.66667], "uv_size": [-0.33334, -1]},
								"down": {"uv": [9.66667, 15.66667], "uv_size": [-0.33334, -1]}
							}
						},
						{
							"origin": [-12.4, 6.1, 6.95],
							"size": [1.8, 2, 0],
							"uv": {
								"north": {"uv": [10.66667, 4], "uv_size": [1, 1.33333]},
								"east": {"uv": [10.66667, 4], "uv_size": [1, 1.33333]},
								"south": {"uv": [10.66667, 4], "uv_size": [1, 1.33333]},
								"west": {"uv": [10.66667, 4], "uv_size": [1, 1.33333]},
								"up": {"uv": [11.66667, 5.33333], "uv_size": [-1, -1.33333]},
								"down": {"uv": [11.66667, 5.33333], "uv_size": [-1, -1.33333]}
							}
						},
						{
							"origin": [-11.5, 6.1, 6.05],
							"size": [0, 2, 1.8],
							"uv": {
								"north": {"uv": [10.66667, 4], "uv_size": [1, 1.33333]},
								"east": {"uv": [10.66667, 4], "uv_size": [1, 1.33333]},
								"south": {"uv": [10.66667, 4], "uv_size": [1, 1.33333]},
								"west": {"uv": [10.66667, 4], "uv_size": [1, 1.33333]},
								"up": {"uv": [11.66667, 5.33333], "uv_size": [-1, -1.33333], "uv_rotation": 270},
								"down": {"uv": [11.66667, 5.33333], "uv_size": [-1, -1.33333], "uv_rotation": 90}
							}
						},
						{
							"origin": [-14.5, 0, 1.5],
							"size": [13, 0.1, 13],
							"pivot": [-8, 0.05, 8],
							"rotation": [0, -22.5, 0],
							"uv": {
								"north": {"uv": [0, 0], "uv_size": [4, 4]},
								"east": {"uv": [0, 0], "uv_size": [4, 4]},
								"south": {"uv": [0, 0], "uv_size": [4, 4]},
								"west": {"uv": [0, 0], "uv_size": [4, 4]},
								"up": {"uv": [4, 4], "uv_size": [-4, -4]},
								"down": {"uv": [4, 4], "uv_size": [-4, -4]}
							}
						}
					]
				},
				{
					"name": "group",
					"pivot": [-10, 1, 8],
					"cubes": [
						{
							"origin": [-8.5, 0, 6],
							"size": [5.5, 6.5, 5.5],
							"uv": {
								"north": {"uv": [3, 8.66667], "uv_size": [1.66667, 1.66666]},
								"east": {"uv": [3, 8.66667], "uv_size": [1.66667, 1.66666]},
								"south": {"uv": [3, 8.66667], "uv_size": [1.66667, 1.66666]},
								"west": {"uv": [3, 8.66667], "uv_size": [1.66667, 1.66666]},
								"up": {"uv": [4.66667, 10.33333], "uv_size": [-1.66667, -1.66666]},
								"down": {"uv": [4.66667, 10.33333], "uv_size": [-1.66667, -1.66666]}
							}
						},
						{
							"origin": [-8, 0.75, 5.95],
							"size": [4.5, 5, 0.95],
							"uv": {
								"north": {"uv": [5.33333, 14], "uv_size": [1.66667, 2], "uv_rotation": 90},
								"east": {"uv": [5.33333, 14], "uv_size": [1.66667, 2], "uv_rotation": 90},
								"south": {"uv": [5.33333, 14], "uv_size": [1.66667, 2], "uv_rotation": 90},
								"west": {"uv": [5.33333, 14], "uv_size": [1.66667, 2], "uv_rotation": 90},
								"up": {"uv": [7, 16], "uv_size": [-1.66667, -2], "uv_rotation": 90},
								"down": {"uv": [7, 16], "uv_size": [-1.66667, -2], "uv_rotation": 90}
							}
						},
						{
							"origin": [-8, 4.6, 6.5],
							"size": [4.5, 2, 4.5],
							"uv": {
								"north": {"uv": [0.33333, 11], "uv_size": [1.66667, 1.66667]},
								"east": {"uv": [0.33333, 11], "uv_size": [1.66667, 1.66667]},
								"south": {"uv": [0.33333, 11], "uv_size": [1.66667, 1.66667]},
								"west": {"uv": [0.33333, 11], "uv_size": [1.66667, 1.66667]},
								"up": {"uv": [5, 13], "uv_size": [-1.66667, -1.66667]},
								"down": {"uv": [2, 12.66667], "uv_size": [-1.66667, -1.66667]}
							}
						},
						{
							"origin": [-5.9, 6.1, 8.85],
							"size": [0.3, 2, 0.3],
							"uv": {
								"north": {"uv": [9.33333, 14.66667], "uv_size": [0.33334, 1]},
								"east": {"uv": [9.33333, 14.66667], "uv_size": [0.33334, 1]},
								"south": {"uv": [9.33333, 14.66667], "uv_size": [0.33334, 1]},
								"west": {"uv": [9.33333, 14.66667], "uv_size": [0.33334, 1]},
								"up": {"uv": [9.66667, 15.66667], "uv_size": [-0.33334, -1]},
								"down": {"uv": [9.66667, 15.66667], "uv_size": [-0.33334, -1]}
							}
						},
						{
							"origin": [-6.9, 8.1, 8.95],
							"size": [2.3, 2.5, 0],
							"uv": {
								"north": {"uv": [10.66667, 4], "uv_size": [1, 1.33333]},
								"east": {"uv": [10.66667, 4], "uv_size": [1, 1.33333]},
								"south": {"uv": [10.66667, 4], "uv_size": [1, 1.33333]},
								"west": {"uv": [10.66667, 4], "uv_size": [1, 1.33333]},
								"up": {"uv": [11.66667, 5.33333], "uv_size": [-1, -1.33333]},
								"down": {"uv": [11.66667, 5.33333], "uv_size": [-1, -1.33333]}
							}
						},
						{
							"origin": [-5.75, 8.1, 7.8],
							"size": [0, 2.5, 2.3],
							"uv": {
								"north": {"uv": [10.66667, 4], "uv_size": [1, 1.33333]},
								"east": {"uv": [10.66667, 4], "uv_size": [1, 1.33333]},
								"south": {"uv": [10.66667, 4], "uv_size": [1, 1.33333]},
								"west": {"uv": [10.66667, 4], "uv_size": [1, 1.33333]},
								"up": {"uv": [11.66667, 5.33333], "uv_size": [-1, -1.33333], "uv_rotation": 270},
								"down": {"uv": [11.66667, 5.33333], "uv_size": [-1, -1.33333], "uv_rotation": 90}
							}
						}
					]
				}
			],
			"item_display_transforms": {
				"thirdperson_righthand": {
					"rotation": [75, 45, 0],
					"translation": [0, 2.5, 0],
					"scale": [0.375, 0.375, 0.375],
					"rotation_pivot": [0, 0, 0],
					"scale_pivot": [0, 0, 0]
				},
				"thirdperson_lefthand": {
					"rotation": [75, 45, 0],
					"translation": [0, 2.5, 0],
					"scale": [0.375, 0.375, 0.375],
					"rotation_pivot": [0, 0, 0],
					"scale_pivot": [0, 0, 0]
				},
				"firstperson_righthand": {
					"rotation": [0, 45, 0],
					"translation": [0, 0, 0],
					"scale": [0.4, 0.4, 0.4],
					"rotation_pivot": [0, 0, 0],
					"scale_pivot": [0, 0, 0]
				},