{
	"format_version": "1.12.0",
	"minecraft:geometry": [
		{
			"description": {
				"identifier": "geometry.decoration_19",
				"texture_width": 16,
				"texture_height": 16,
				"visible_bounds_width": 3,
				"visible_bounds_height": 2.5,
				"visible_bounds_offset": [0, 0.75, 0]
			},
			"bones": [
				{
					"name": "group",
					"pivot": [-0.5, 0, 0.1],
					"cubes": [
						{
							"origin": [-4.5, 0, 5.6],
							"size": [1, 12.1, 8.5],
							"uv": {
								"north": {"uv": [9.66667, 10], "uv_size": [1.66666, 0.66667]},
								"east": {"uv": [11, 10], "uv_size": [0.33333, 0.66667]},
								"south": {"uv": [9.66667, 10], "uv_size": [1.66666, 0.66667]},
								"west": {"uv": [9.66667, 10], "uv_size": [0.33333, 0.66667]},
								"up": {"uv": [11.33333, 10.66667], "uv_size": [-1.66666, -0.66667]},
								"down": {"uv": [11.33333, 10.66667], "uv_size": [-1.66666, -0.66667]}
							}
						},
						{
							"origin": [-5, 0.1, 5],
							"size": [2, 11.9, 9],
							"uv": {
								"north": {"uv": [9.33333, 10.66667], "uv_size": [1.33334, 3.33333]},
								"east": {"uv": [8, 10.66667], "uv_size": [2.66667, 3.33333]},
								"south": {"uv": [8, 10.66667], "uv_size": [1, 3.33333]},
								"west": {"uv": [8, 10.66667], "uv_size": [2.66667, 3.33333]},
								"up": {"uv": [8.66667, 12.66667], "uv_size": [-0.66667, -2]},
								"down": {"uv": [10.66667, 14], "uv_size": [-2.66667, -0.66667]}
							}
						},
						{
							"origin": [-12, 0.1, 5],
							"size": [2, 10.9, 9],
							"uv": {
								"north": {"uv": [5.33333, 12], "uv_size": [2.66667, 2], "uv_rotation": 90},
								"east": {"uv": [5.33333, 10.66667], "uv_size": [2.66667, 3.33333]},
								"south": {"uv": [5.33333, 10.66667], "uv_size": [0.33334, 3.33333]},
								"west": {"uv": [5.33333, 10.66667], "uv_size": [2.66667, 3.33333]},
								"up": {"uv": [8, 14], "uv_size": [-2.66667, -0.33333]},
								"down": {"uv": [8, 14], "uv_size": [-2.66667, -0.33333]}
							}
						},
						{
							"origin": [-11.5, 0, 5.6],
							"size": [1, 11.1, 8.5],
							"uv": {
								"north": {"uv": [9.66667, 10], "uv_size": [1.66666, 0.66667]},
								"east": {"uv": [11, 10], "uv_size": [0.33333, 0.66667]},
								"south": {"uv": [9.66667, 10], "uv_size": [1.66666, 0.66667]},
								"west": {"uv": [9.66667, 10], "uv_size": [0.33333, 0.66667]},
								"up": {"uv": [11.33333, 10.66667], "uv_size": [-1.66666, -0.66667]},
								"down": {"uv": [11.33333, 10.66667], "uv_size": [-1.66666, -0.66667]}
							}
						},
						{
							"origin": [-6.5, 0, 6.6],
							"size": [1, 11.1, 7.5],
							"uv": {
								"north": {"uv": [9.66667, 10], "uv_size": [1.66666, 0.66667]},
								"east": {"uv": [11, 10], "uv_size": [0.33333, 0.66667]},
								"south": {"uv": [9.66667, 10], "uv_size": [1.66666, 0.66667]},
								"west": {"uv": [9.66667, 10], "uv_size": [0.33333, 0.66667]},
								"up": {"uv": [11.33333, 10.66667], "uv_size": [-1.66666, -0.66667]},
								"down": {"uv": [11.33333, 10.66667], "uv_size": [-1.66666, -0.66667]}
							}
						},
						{
							"origin": [-7, 0.1, 6],
							"size": [2, 10.9, 8],
							"uv": {
								"north": {"uv": [8, 14], "uv_size": [1.33333, 2]},
								"east": {"uv": [8, 14], "uv_size": [2.66667, 2]},
								"south": {"uv": [8, 14], "uv_size": [0.33333, 2]},
								"west": {"uv": [8, 14], "uv_size": [2.66667, 2]},
								"up": {"uv": [8, 16], "uv_size": [0.33333, -2]},
								"down": {"uv": [8.33333, 16], "uv_size": [-0.33333, -2]}
							}
						},
						{
							"origin": [-15, 0.1, 6],
							"size": [3, 9.9, 8],
							"uv": {
								"north": {"uv": [9.33333, 10.66667], "uv_size": [1.33334, 2]},
								"east": {"uv": [8, 10.66667], "uv_size": [2.66667, 2]},
								"south": {"uv": [8, 10.66667], "uv_size": [1, 2]},
								"west": {"uv": [8, 10.66667], "uv_size": [2.66667, 2]},
								"up": {"uv": [9, 12.66667], "uv_size": [-1, -2]},
								"down": {"uv": [9, 12.66667], "uv_size": [-1, -2]}
							}
						},
						{
							"origin": [-14.5, 0, 6.6],
							"size": [2, 10.1, 7.5],
							"uv": {
								"north": {"uv": [9.66667, 10], "uv_size": [1.66666, 0.66667]},
								"east": {"uv": [11, 10], "uv_size": [0.33333, 0.66667]},
								"south": {"uv": [9.66667, 10], "uv_size": [1.66666, 0.66667]},
								"west": {"uv": [9.66667, 10], "uv_size": [0.33333, 0.66667]},
								"up": {"uv": [11.33333, 10.66667], "uv_size": [-1.66666, -0.66667]},
								"down": {"uv": [11.33333, 10.66667], "uv_size": [-1.66666, -0.66667]}
							}
						},
						{
							"origin": [-3, 0.1, 6],
							"size": [2, 9.9, 8],
							"uv": {
								"north": {"uv": [9.66667, 1.33333], "uv_size": [2, 2.66667]},
								"east": {"uv": [9.66667, 1.33333], "uv_size": [2, 2.66667]},
								"south": {"uv": [9.66667, 3.66667], "uv_size": [2, 0.33333]},
								"west": {"uv": [9.66667, 1.33333], "uv_size": [2, 2.66667]},
								"up": {"uv": [11.66667, 4], "uv_size": [-2, -0.33333]},
								"down": {"uv": [11.66667, 4], "uv_size": [-2, -0.33333]}
							}
						},
						{
							"origin": [-2.5, 0, 6.6],
							"size": [1, 10.1, 7.5],
							"uv": {
								"north": {"uv": [9.66667, 10], "uv_size": [1.66666, 0.66667]},
								"east": {"uv": [11, 10], "uv_size": [0.33333, 0.66667]},
								"south": {"uv": [9.66667, 10], "uv_size": [1.66666, 0.66667]},
								"west": {"uv": [9.66667, 10], "uv_size": [0.33333, 0.66667]},
								"up": {"uv": [11.33333, 10.66667], "uv_size": [-1.66666, -0.66667]},
								"down": {"uv": [11.33333, 10.66667], "uv_size": [-1.66666, -0.66667]}
							}
						},
						{
							"origin": [-10, 0.1, 6],
							"size": [3, 11.9, 8],
							"uv": {
								"north": {"uv": [5.33333, 14], "uv_size": [2.66667, 2], "uv_rotation": 90},
								"east": {"uv": [5.33333, 14], "uv_size": [2.66667, 2], "uv_rotation": 90},
								"south": {"uv": [5.33333, 14], "uv_size": [2.66667, 2], "uv_rotation": 90},
								"west": {"uv": [5.33333, 14], "uv_size": [2.66667, 2], "uv_rotation": 90},
								"up": {"uv": [5.66667, 16], "uv_size": [-0.33334, -2], "uv_rotation": 90},
								"down": {"uv": [8, 16], "uv_size": [-0.66667, -2], "uv_rotation": 90}
							}
						},
						{
							"origin": [-9.5, 0, 6.6],
							"size": [2, 12.1, 7.5],
							"uv": {
								"north": {"uv": [9.66667, 10], "uv_size": [1.66666, 0.66667]},
								"east": {"uv": [11, 10], "uv_size": [0.33333, 0.66667]},
								"south": {"uv": [9.66667, 10], "uv_size": [1.66666, 0.66667]},
								"west": {"uv": [9.66667, 10], "uv_size": [0.33333, 0.66667]},
								"up": {"uv": [11.33333, 10.66667], "uv_size": [-1.66666, -0.66667]},
								"down": {"uv": [11.33333, 10.66667], "uv_size": [-1.66666, -0.66667]}
							}
						}
					]
				}
			],
			"item_display_transforms": {
				"thirdperson_righthand": {
					"rotation": [75, 45, 0],
					"translation": [0, 2.5, 0],
					"scale": [0.375, 0.375, 0.375],
					"rotation_pivot": [0, 0, 0],
					"scale_pivot": [0, 0, 0]
				},
				"thirdperson_lefthand": {
					"rotation": [75, 45, 0],
					"translation": [0, 2.5, 0],
					"scale": [0.375, 0.375, 0.375],
					"rotation_pivot": [0, 0, 0],
					"scale_pivot": [0, 0, 0]
				},
				"firstperson_righthand": {
					"rotation": [0, 45, 0],
					"translation": [0, 0, 0],
					"scale": [0.4, 0.4, 0.4],
					"rotation_pivot": [0, 0, 0],
					"scale_pivot": [0, 0, 0]
				},
				"firstperson_lefthand": {
					"rotation": [0, -135, 0],
					"translation": [0, 0, 0],
					"scale": [0.4, 0.4, 0.4],
					"rotation_pivot": [0, 0, 0],
					"scale_pivot": [0, 0, 0]
				},
				"ground": {
					"rotation": [0, 0, 0],
					"translation": [0, 3, 0],
					"scale": [0.25, 0.25, 0.25],
					"rotation_pivot": [0, 0, 0],
					"scale_pivot": [0, 0, 0]
				},
				"gui": {
					"rotation": [20, -170, 0],
					"translation": [0, -0.75, 0],
					"scale": [0.625, 0.625, 0.625],
					"rotation_pivot": [0, 0, 0],
					"scale_pivot": [0, 0, 0],
					"fit_to_frame": false
				},
				"fixed": {
					"rotation": [-90, 0, 0],