{
	"format_version": "1.12.0",
	"minecraft:geometry": [
		{
			"description": {
				"identifier": "geometry.decoration_21",
				"texture_width": 16,
				"texture_height": 16,
				"visible_bounds_width": 3,
				"visible_bounds_height": 1.5,
				"visible_bounds_offset": [0, 0.25, 0]
			},
			"bones": [
				{
					"name": "group",
					"pivot": [0.05, 0, 0],
					"cubes": [
						{
							"origin": [-11.45, 0.25, 1.95],
							"size": [9.5, 2.5, 12.1],
							"uv": {
								"north": {"uv": [9.66667, 10], "uv_size": [1.66666, 0.66667], "uv_rotation": 90},
								"east": {"uv": [9.66667, 10], "uv_size": [1.66666, 0.66667], "uv_rotation": 90},
								"south": {"uv": [9.66667, 10], "uv_size": [1.66666, 0.66667], "uv_rotation": 90},
								"west": {"uv": [9.66667, 10], "uv_size": [1.66666, 0.66667], "uv_rotation": 90},
								"up": {"uv": [10.66667, 14], "uv_size": [-2.66667, -1.33333], "uv_rotation": 180},
								"down": {"uv": [10.66667, 14], "uv_size": [-2.66667, -1.33333], "uv_rotation": 180}
							}
						},
						{
							"origin": [-12, 0, 2],
							"size": [10, 3, 12],
							"uv": {
								"north": {"uv": [8, 12.66667], "uv_size": [2.66667, 1.33333], "uv_rotation": 90},
								"east": {"uv": [8, 12.66667], "uv_size": [1.33333, 3.33333], "uv_rotation": 90},
								"south": {"uv": [8, 15.66667], "uv_size": [2.66667, 0.33333], "uv_rotation": 90},
								"west": {"uv": [8, 12.66667], "uv_size": [1.33333, 3.33333], "uv_rotation": 270},
								"up": {"uv": [10.66667, 16], "uv_size": [-2.66667, -3.33333]},
								"down": {"uv": [10.66667, 16], "uv_size": [-2.66667, -3.33333], "uv_rotation": 90}
							}
						},
						{
							"origin": [-11.45, 3.25, 2.95],
							"size": [8.5, 1.5, 11.1],
							"pivot": [-7.225, 4.5, 8.5],
							"rotation": [0, -22.5, 0],
							"uv": {
								"north": {"uv": [9.66667, 10], "uv_size": [1.66666, 0.66667], "uv_rotation": 90},
								"east": {"uv": [9.66667, 10], "uv_size": [1.66666, 0.66667], "uv_rotation": 90},
								"south": {"uv": [9.66667, 10], "uv_size": [1.66666, 0.66667], "uv_rotation": 90},
								"west": {"uv": [9.66667, 10], "uv_size": [1.66666, 0.66667], "uv_rotation": 90},
								"up": {"uv": [10.66667, 14], "uv_size": [-2.66667, -1.33333], "uv_rotation": 180},
								"down": {"uv": [10.66667, 14], "uv_size": [-2.66667, -1.33333], "uv_rotation": 180}
							}
						},
						{
							"origin": [-12, 3, 3],
							"size": [9, 2, 11],
							"pivot": [-7.225, 4.5, 8.5],
							"rotation": [0, -22.5, 0],
							"uv": {
								"north": {"uv": [9.66667, 1.33333], "uv_size": [2, 2.66667], "uv_rotation": 270},
								"east": {"uv": [9.66667, 1.33333], "uv_size": [2, 2.66667], "uv_rotation": 270},
								"south": {"uv": [9.66667, 1.33333], "uv_size": [2, 2.66667], "uv_rotation": 270},
								"west": {"uv": [9.66667, 1.33333], "uv_size": [2, 2.66667], "uv_rotation": 270},
								"up": {"uv": [11.66667, 4], "uv_size": [-2, -2.66667], "uv_rotation": 270},
								"down": {"uv": [11.66667, 4], "uv_size": [-2, -2.66667], "uv_rotation": 270}
							}
						},
						{
							"origin": [-11.45, 5.25, 2.95],
							"size": [8.5, 1.5, 11.1],
							"pivot": [-7.225, 6.5, 8.5],
							"rotation": [0, -45, 0],
							"uv": {
								"north": {"uv": [9.66667, 10], "uv_size": [1.66666, 0.66667], "uv_rotation": 90},
								"east": {"uv": [9.66667, 10], "uv_size": [1.66666, 0.66667], "uv_rotation": 90},
								"south": {"uv": [9.66667, 10], "uv_size": [1.66666, 0.66667], "uv_rotation": 90},
								"west": {"uv": [9.66667, 10], "uv_size": [1.66666, 0.66667], "uv_rotation": 90},
								"up": {"uv": [10.66667, 14], "uv_size": [-2.66667, -1.33333], "uv_rotation": 180},
								"down": {"uv": [10.66667, 14], "uv_size": [-2.66667, -1.33333], "uv_rotation": 180}
							}
						},
						{
							"origin": [-12, 5, 3],
							"size": [9, 2, 11],
							"pivot": [-7.225, 6.5, 8.5],
							"rotation": [0, -45, 0],
							"uv": {
								"north": {"uv": [8, 12.66667], "uv_size": [2.66667, 1.33333], "uv_rotation": 180},
								"east": {"uv": [8.66667, 10.66667], "uv_size": [1, 3.33333], "uv_rotation": 270},
								"south": {"uv": [8, 10.66667], "uv_size": [2.66667, 0.33333], "uv_rotation": 180},
								"west": {"uv": [8, 12.66667], "uv_size": [2.66667, 1.33333], "uv_rotation": 180},
								"up": {"uv": [10.66667, 14], "uv_size": [-2.66667, -3.33333], "uv_rotation": 180},
								"down": {"uv": [10.66667, 14], "uv_size": [-2.66667, -3.33333]}
							}
						},
						{
							"origin": [-14, 0, 1],
							"size": [0.5, 0.5, 7],
							"pivot": [-13.75, 0.25, 4.5],
							"rotation": [0, -22.5, 0],
							"uv": {
								"north": {"uv": [9.66667, 12.66667], "uv_size": [1, 1]},
								"east": {"uv": [9.66667, 12.66667], "uv_size": [1, 3.33333], "uv_rotation": 90},
								"south": {"uv": [9.66667, 15], "uv_size": [1, 1]},
								"west": {"uv": [9.66667, 12.66667], "uv_size": [1, 3.33333], "uv_rotation": 270},
								"up": {"uv": [10.66667, 16], "uv_size": [-1, -3.33333]},
								"down": {"uv": [10.66667, 16], "uv_size": [-1, -3.33333]}
							}
						}
					]
				}
			],
			"item_display_transforms": {
				"thirdperson_righthand": {
					"rotation": [75, 45, 0],
					"translation": [0, 2.5, 0],
					"scale": [0.375, 0.375, 0.375],
					"rotation_pivot": [0, 0, 0],
					"scale_pivot": [0, 0, 0]
				},
				"thirdperson_lefthand": {
					"rotation": [75, 45, 0],
					"translation": [0, 2.5, 0],
					"scale": [0.375, 0.375, 0.375],
					"rotation_pivot": [0, 0, 0],
					"scale_pivot": [0, 0, 0]
				},
				"firstperson_righthand": {
					"rotation": [0, 45, 0],
					"translation": [0, 0, 0],
					"scale": [0.4, 0.4, 0.4],
					"rotation_pivot": [0, 0, 0],
					"scale_pivot": [0, 0, 0]
				},
				"firstperson_lefthand": {
					"rotation": [0, -135, 0],
					"translation": [0, 0, 0],
					"scale": [0.4, 0.4, 0.4],
					"rotation_pivot": [0, 0, 0],
					"scale_pivot": [0, 0, 0]
				},
				"ground": {
					"rotation": [0, 0, 0],
					"translation": [0, 3, 0],
					"scale": [0.25, 0.25, 0.25],
					"rotation_pivot": [0, 0, 0],
					"scale_pivot": [0, 0, 0]
				},
				"gui": {
					"rotation": [20, -170, 0],
					"translation": [0, -0.75, 0],
					"scale": [0.625, 0.625, 0.625],
					"rotation_pivot": [0, 0, 0],
					"scale_pivot": [0, 0, 0],
					"fit_to_frame": false
				},
				"fixed": {
					"rotation": [-90, 0, 0],
					"translation": [0, 0, -14],
					"scale": [2, 2, 2],
					"rotation_pivot": [0, 0, 0],
					"scale_pivot": [0, 0, 0]
				}
			}
		}
	]
}