{
	"format_version": "1.12.0",
	"minecraft:geometry": [
		{
			"description": {
				"identifier": "geometry.painting_15",
				"texture_width": 16,
				"texture_height": 16,
				"visible_bounds_width": 3,
				"visible_bounds_height": 2.5,
				"visible_bounds_offset": [0, 0.75, 0]
			},
			"bones": [
				{
					"name": "group",
					"pivot": [-8.5, 8, 15],
					"cubes": [
						{
							"origin": [-12, 2, 15],
							"size": [7, 12, 0],
							"pivot": [-8.5, 8, 15],
							"rotation": [0, 0, 22.5],
							"uv": {
								"north": {"uv": [16, 0], "uv_size": [-4, 8.66667]},
								"east": {"uv": [16, 0], "uv_size": [-4, 8.66667]},
								"south": {"uv": [12, 0], "uv_size": [4, 8.66667]},
								"west": {"uv": [16, 0], "uv_size": [-4, 8.66667]},
								"up": {"uv": [12, 8.66667], "uv_size": [4, -8.66667]},
								"down": {"uv": [12, 8.66667], "uv_size": [4, -8.66667]}
							}
						},
						{
							"origin": [-2, 1, 14],
							"size": [1, 14, 2],
							"uv": {
								"north": {"uv": [4.66667, 10.66667], "uv_size": [0.66666, 5.33333]},
								"east": {"uv": [4.66667, 10.66667], "uv_size": [0.66666, 5.33333]},
								"south": {"uv": [4.66667, 10.66667], "uv_size": [0.66666, 5.33333]},
								"west": {"uv": [4.66667, 10.66667], "uv_size": [0.66666, 5.33333]},
								"up": {"uv": [5.33333, 16], "uv_size": [-0.66666, -5.33333]},
								"down": {"uv": [5.33333, 16], "uv_size": [-0.66666, -5.33333]}
							}
						},
						{
							"origin": [-15, 1, 14],
							"size": [1, 14, 2],
							"uv": {
								"north": {"uv": [4.66667, 10.66667], "uv_size": [0.66666, 5.33333]},
								"east": {"uv": [4.66667, 10.66667], "uv_size": [0.66666, 5.33333]},
								"south": {"uv": [4.66667, 10.66667], "uv_size": [0.66666, 5.33333]},
								"west": {"uv": [4.66667, 10.66667], "uv_size": [0.66666, 5.33333]},
								"up": {"uv": [5.33333, 16], "uv_size": [-0.66666, -5.33333]},
								"down": {"uv": [5.33333, 16], "uv_size": [-0.66666, -5.33333]}
							}
						},
						{
							"origin": [-14, 1, 14],
							"size": [12, 1, 2],
							"uv": {
								"north": {"uv": [4.66667, 10.66667], "uv_size": [0.66666, 5.33333]},
								"east": {"uv": [4.66667, 10.66667], "uv_size": [0.66666, 5.33333]},
								"south": {"uv": [4.66667, 10.66667], "uv_size": [0.66666, 5.33333]},
								"west": {"uv": [4.66667, 10.66667], "uv_size": [0.66666, 5.33333]},
								"up": {"uv": [5.33333, 16], "uv_size": [-0.66666, -5.33333]},
								"down": {"uv": [5.33333, 16], "uv_size": [-0.66666, -5.33333]}
							}
						},
						{
							"origin": [-14, 14, 14],
							"size": [12, 1, 2],
							"uv": {
								"north": {"uv": [4.66667, 10.66667], "uv_size": [0.66666, 5.33333]},
								"east": {"uv": [4.66667, 10.66667], "uv_size": [0.66666, 5.33333]},
								"south": {"uv": [4.66667, 10.66667], "uv_size": [0.66666, 5.33333]},
								"west": {"uv": [4.66667, 10.66667], "uv_size": [0.66666, 5.33333]},
								"up": {"uv": [5.33333, 16], "uv_size": [-0.66666, -5.33333]},
								"down": {"uv": [5.33333, 16], "uv_size": [-0.66666, -5.33333]}
							}
						}
					]
				}
			],
			"item_display_transforms": {
				"thirdperson_righthand": {
					"rotation": [75, 45, 0],
					"translation": [0, 2.5, 0],
					"scale": [0.375, 0.375, 0.375],
					"rotation_pivot": [0, 0, 0],
					"scale_pivot": [0, 0, 0]
				},
				"thirdperson_lefthand": {
					"rotation": [75, 45, 0],
					"translation": [0, 2.5, 0],
					"scale": [0.375, 0.375, 0.375],
					"rotation_pivot": [0, 0, 0],
					"scale_pivot": [0, 0, 0]
				},
				"firstperson_righthand": {
					"rotation": [0, 45, 0],
					"translation": [0, 0, 0],
					"scale": [0.4, 0.4, 0.4],
					"rotation_pivot": [0, 0, 0],
					"scale_pivot": [0, 0, 0]
				},
				"firstperson_lefthand": {
					"rotation": [0, -135, 0],
					"translation": [0, 0, 0],
					"scale": [0.4, 0.4, 0.4],
					"rotation_pivot": [0, 0, 0],
					"scale_pivot": [0, 0, 0]
				},
				"ground": {
					"rotation": [0, 0, 0],
					"translation": [0, 3, 0],
					"scale": [0.25, 0.25, 0.25],
					"rotation_pivot": [0, 0, 0],
					"scale_pivot": [0, 0, 0]
				},
				"gui": {
					"rotation": [20, -170, 0],
					"translation": [1, -2.25, 0],
					"scale": [0.625, 0.625, 0.625],
					"rotation_pivot": [0, 0, 0],
					"scale_pivot": [0, 0, 0],
					"fit_to_frame": false
				},
				"fixed": {
					"rotation": [-90, 0, 0],
					"translation": [0, 0, -14],
					"scale": [2, 2, 2],
					"rotation_pivot": [0, 0, 0],
					"scale_pivot": [0, 0, 0]
				}
			}
		}
	]
}