{
	"format_version": "1.21.20",
	"minecraft:geometry": [
		{
			"description": {
				"identifier": "geometry.plant_12",
				"texture_width": 16,
				"texture_height": 16,
				"visible_bounds_width": 3,
				"visible_bounds_height": 2.5,
				"visible_bounds_offset": [0, 0.75, 0]
			},
			"bones": [
				{
					"name": "group2",
					"pivot": [0, 0, 0],
					"cubes": [
						{
							"origin": [-11.5, 0, 4.5],
							"size": [7, 5, 7],
							"uv": {
								"north": {"uv": [2.33333, 10.66667], "uv_size": [3, 2.66666]},
								"east": {"uv": [2.33333, 10.66667], "uv_size": [3, 2.66666]},
								"south": {"uv": [2.33333, 10.66667], "uv_size": [3, 2.66666]},
								"west": {"uv": [2.33333, 10.66667], "uv_size": [3, 2.66666]},
								"up": {"uv": [5.33333, 13.33333], "uv_size": [-3, -2.66666]},
								"down": {"uv": [5.33333, 13.33333], "uv_size": [-3, -2.66666]}
							}
						},
						{
							"origin": [-10.5, 0.75, 4.4],
							"size": [5, 3.75, 1],
							"uv": {
								"north": {"uv": [5.33333, 10.66667], "uv_size": [2.66667, 3.33333]},
								"east": {"uv": [5.33333, 10.66667], "uv_size": [2.66667, 3.33333]},
								"south": {"uv": [5.33333, 10.66667], "uv_size": [2.66667, 3.33333]},
								"west": {"uv": [5.33333, 10.66667], "uv_size": [2.66667, 3.33333]},
								"up": {"uv": [8, 14], "uv_size": [-2.66667, -3.33333]},
								"down": {"uv": [8, 14], "uv_size": [-2.66667, -3.33333]}
							}
						},
						{
							"origin": [-10.5, 1.1, 5.5],
							"size": [5, 4, 5],
							"uv": {
								"north": {"uv": [9.33333, 14.33333], "uv_size": [0.33334, 0.66667]},
								"east": {"uv": [9.33333, 14.33333], "uv_size": [0.33334, 0.66667]},
								"south": {"uv": [9.33333, 14.33333], "uv_size": [0.33334, 0.66667]},
								"west": {"uv": [9.33333, 14.33333], "uv_size": [0.33334, 0.66667]},
								"up": {"uv": [9.66667, 15], "uv_size": [-0.33334, -0.66667]},
								"down": {"uv": [9.66667, 15], "uv_size": [-0.33334, -0.66667]}
							}
						}
					]
				},
				{
					"name": "group",
					"pivot": [-7, 0, -1],
					"cubes": [
						{
							"origin": [-9.5, 0, 8],
							"size": [1, 15, 0.01],
							"uv": {
								"north": {"uv": [14, 6], "uv_size": [0.66667, 4.66667]},
								"east": {"uv": [14, 6], "uv_size": [0.66667, 4.66667]},
								"south": {"uv": [14, 6], "uv_size": [0.66667, 4.66667]},
								"west": {"uv": [14, 6], "uv_size": [0.66667, 4.66667]},
								"up": {"uv": [14.66667, 10.66667], "uv_size": [-0.66667, -4.66667]},
								"down": {"uv": [14.66667, 10.66667], "uv_size": [-0.66667, -4.66667]}
							}
						},
						{
							"origin": [-7, 0, 8],
							"size": [1, 10, 0.01],
							"uv": {
								"north": {"uv": [14.33333, 8], "uv_size": [0.33334, 2.66667]},
								"east": {"uv": [14.33333, 8], "uv_size": [0.33334, 2.66667]},
								"south": {"uv": [14.33333, 8], "uv_size": [0.33334, 2.66667]},
								"west": {"uv": [14.33333, 8], "uv_size": [0.33334, 2.66667]},
								"up": {"uv": [14.66667, 10.66667], "uv_size": [-0.33334, -2.66667]},
								"down": {"uv": [14.66667, 10.66667], "uv_size": [-0.33334, -2.66667]}
							}
						},
						{
							"origin": [-8, 0, 8.5],
							"size": [1, 15, 0.01],
							"pivot": [-7.5, 7.5, 8.5],
							"rotation": [-22.5, 0, 0],
							"uv": {
								"north": {"uv": [14, 6], "uv_size": [0.66667, 4.66667]},
								"east": {"uv": [14, 6], "uv_size": [0.66667, 4.66667]},
								"south": {"uv": [14, 6], "uv_size": [0.66667, 4.66667]},
								"west": {"uv": [14, 6], "uv_size": [0.66667, 4.66667]},
								"up": {"uv": [14.66667, 10.66667], "uv_size": [-0.66667, -4.66667]},
								"down": {"uv": [14.66667, 10.66667], "uv_size": [-0.66667, -4.66667]}
							}
						},
						{
							"origin": [-9, 14.50522, 11.04609],
							"size": [3, 0.001, 4.25],
							"pivot": [-7.5, 14.28105, 11.14176],
							"rotation": [-45, 0, 0],
							"uv": {
								"north": {"uv": [13.66667, 13], "uv_size": [1.66666, 2.66667]},
								"east": {"uv": [13.66667, 13], "uv_size": [1.66666, 2.66667]},
								"south": {"uv": [13.66667, 13], "uv_size": [1.66666, 2.66667]},
								"west": {"uv": [13.66667, 13], "uv_size": [1.66666, 2.66667]},
								"up": {"uv": [15.33333, 15.66667], "uv_size": [-1.66666, -2.66667]},
								"down": {"uv": [15.33333, 15.66667], "uv_size": [-1.66666, -2.66667], "uv_rotation": 180}
							}
						},
						{
							"origin": [-6.5, 0, 7.5],
							"size": [0, 10, 1],
							"uv": {
								"north": {"uv": [14.33333, 8], "uv_size": [0.33334, 2.66667]},
								"east": {"uv": [14.33333, 8], "uv_size": [0.33334, 2.66667]},
								"south": {"uv": [14.33333, 8], "uv_size": [0.33334, 2.66667]},
								"west": {"uv": [14.33333, 8], "uv_size": [0.33334, 2.66667]},
								"up": {"uv": [14.66667, 10.66667], "uv_size": [-0.33334, -2.66667]},
								"down": {"uv": [14.66667, 10.66667], "uv_size": [-0.33334, -2.66667]}
							}
						},
						{
							"origin": [-8.5, 0, 8.5],
							"size": [0, 8, 1],
							"uv": {
								"north": {"uv": [14, 6.66667], "uv_size": [0.66667, 4]},
								"east": {"uv": [14, 6.66667], "uv_size": [0.66667, 4]},
								"south": {"uv": [14, 6.66667], "uv_size": [0.66667, 4]},
								"west": {"uv": [14, 6.66667], "uv_size": [0.66667, 4]},
								"up": {"uv": [14.66667, 10.66667], "uv_size": [-0.66667, -4]},
								"down": {"uv": [14.66667, 10.66667], "uv_size": [-0.66667, -4]}
							}
						},
						{
							"origin": [-12.5, 7.75, 10.75],
							"size": [5, 0.01, 6],
							"pivot": [-6.5, 4.75, 11.25],
							"rotation": [0, -45, 0],
							"uv": {
								"up": {"uv": [15.66667, 15.66667], "uv_size": [-2.33334, -2.66667]},
								"down": {"uv": [15.66667, 15.66667], "uv_size": [-2.33334, -2.66667], "uv_rotation": 180}
							}
						},
						{
							"origin": [-9, 0, 9],
							"size": [1, 8, 0],
							"uv": {
								"north": {"uv": [14.66667, 6.66667], "uv_size": [-0.66667, 4]},
								"east": {"uv": [14.66667, 6.66667], "uv_size": [-0.66667, 4]},
								"south": {"uv": [14.66667, 6.66667], "uv_size": [-0.66667, 4]},
								"west": {"uv": [14.66667, 6.66667], "uv_size": [-0.66667, 4]},
								"up": {"uv": [14, 10.66667], "uv_size": [0.66667, -4]},
								"down": {"uv": [14, 10.66667], "uv_size": [0.66667, -4]}
							}
						},
						{
							"origin": [-6.5, 10, 4.5],
							"size": [8, 0.01, 7],
							"pivot": [-6.5, 10, 8],
							"rotation": [0, 0, 45],
							"uv": {
								"up": {"uv": [15.66667, 15.66667], "uv_size": [-2.33334, -2.66667], "uv_rotation": 90},
								"down": {"uv": [15.66667, 15.66667], "uv_size": [-2.33334, -2.66667], "uv_rotation": 90}
							}
						},
						{
							"origin": [-9.01, 0, 7.5],
							"size": [0.01, 15, 1],
							"uv": {
								"north": {"uv": [14.66667, 6], "uv_size": [-0.66667, 4.66667]},
								"east": {"uv": [14.66667, 6], "uv_size": [-0.66667, 4.66667]},
								"south": {"uv": [14.66667, 6], "uv_size": [-0.66667, 4.66667]},
								"west": {"uv": [14.66667, 6], "uv_size": [-0.66667, 4.66667]},
								"up": {"uv": [14, 10.66667], "uv_size": [0.66667, -4.66667]},
								"down": {"uv": [14, 10.66667], "uv_size": [0.66667, -4.66667]}
							}
						},
						{
							"origin": [-9.01, 0, 6],
							"size": [0.01, 7, 1],
							"uv": {
								"north": {"uv": [6.66667, 6], "uv_size": [0.66666, 4.66667]},
								"east": {"uv": [6.66667, 6], "uv_size": [0.66666, 4.66667]},
								"south": {"uv": [6.66667, 6], "uv_size": [0.66666, 4.66667]},
								"west": {"uv": [7.33333, 6], "uv_size": [-0.66666, 4.66667]},
								"up": {"uv": [7.33333, 10.66667], "uv_size": [-0.66666, -4.66667], "uv_rotation": 90},
								"down": {"uv": [7.33333, 10.66667], "uv_size": [-0.66666, -4.66667], "uv_rotation": 270}
							}
						},
						{
							"origin": [-16, 7, 2],
							"size": [7, 0.01, 7],
							"pivot": [-9, 7, 5.5],
							"rotation": [0, 0, -22.5],
							"uv": {
								"up": {"uv": [15.66667, 15.66667], "uv_size": [-2.33334, -2.66667], "uv_rotation": 270},