{
	"format_version": "1.12.0",
	"minecraft:geometry": [
		{
			"description": {
				"identifier": "geometry.succulent_12",
				"texture_width": 16,
				"texture_height": 16,
				"visible_bounds_width": 3,
				"visible_bounds_height": 2.5,
				"visible_bounds_offset": [0, 0.75, 0]
			},
			"bones": [
				{
					"name": "group2",
					"pivot": [0, 0, 0],
					"cubes": [
						{
							"origin": [-11.5, 0, 4.5],
							"size": [7, 5, 7],
							"uv": {
								"north": {"uv": [2.33333, 13], "uv_size": [3, 3]},
								"east": {"uv": [2.33333, 13], "uv_size": [3, 3]},
								"south": {"uv": [2.33333, 13], "uv_size": [3, 3]},
								"west": {"uv": [2.33333, 13], "uv_size": [3, 3]},
								"up": {"uv": [5.33333, 16], "uv_size": [-3, -3]},
								"down": {"uv": [5.33333, 16], "uv_size": [-3, -3]}
							}
						},
						{
							"origin": [-10.5, 0.75, 4.4],
							"size": [5, 3.75, 1],
							"uv": {
								"north": {"uv": [8.66667, 10.66667], "uv_size": [2, 2]},
								"east": {"uv": [8.66667, 10.66667], "uv_size": [2, 2]},
								"south": {"uv": [8.66667, 10.66667], "uv_size": [2, 2]},
								"west": {"uv": [8.66667, 10.66667], "uv_size": [2, 2]},
								"up": {"uv": [10.66667, 12.66667], "uv_size": [-2, -2]},
								"down": {"uv": [10.66667, 12.66667], "uv_size": [-2, -2]}
							}
						},
						{
							"origin": [-10.5, 1.1, 5.5],
							"size": [5, 4, 5],
							"uv": {
								"north": {"uv": [9.33333, 14.33333], "uv_size": [0.33334, 1.33334]},
								"east": {"uv": [9.33333, 14.33333], "uv_size": [0.33334, 1.33334]},
								"south": {"uv": [9.33333, 14.33333], "uv_size": [0.33334, 1.33334]},
								"west": {"uv": [9.33333, 14.33333], "uv_size": [0.33334, 1.33334]},
								"up": {"uv": [9.66667, 15.66667], "uv_size": [-0.33334, -1.33334]},
								"down": {"uv": [9.66667, 15.66667], "uv_size": [-0.33334, -1.33334]}
							}
						}
					]
				},
				{
					"name": "group",
					"pivot": [-5.19134, 5.5, 7.03806],
					"cubes": [
						{
							"origin": [-6.69134, 5, 4.53806],
							"size": [3, 1, 2],
							"pivot": [-5.19134, 5.5, 6.03806],
							"rotation": [0, 45, 0],
							"uv": {
								"north": {"uv": [14.66667, 13], "uv_size": [0.66666, 1], "uv_rotation": 90},
								"east": {"uv": [14.66667, 13], "uv_size": [0.66666, 1], "uv_rotation": 90},
								"south": {"uv": [14.66667, 13], "uv_size": [0.66666, 1], "uv_rotation": 90},
								"west": {"uv": [14.66667, 13], "uv_size": [0.66666, 1], "uv_rotation": 90},
								"up": {"uv": [15.33333, 14], "uv_size": [-0.66666, -1], "uv_rotation": 90},
								"down": {"uv": [15.33333, 14], "uv_size": [-0.66666, -1], "uv_rotation": 90}
							}
						},
						{
							"origin": [-12.69134, 5, 4.53806],
							"size": [3, 1, 2],
							"pivot": [-11.19134, 5.5, 6.03806],
							"rotation": [0, -45, 0],
							"uv": {
								"north": {"uv": [14.66667, 13], "uv_size": [0.66666, 1], "uv_rotation": 90},
								"east": {"uv": [14.66667, 13], "uv_size": [0.66666, 1], "uv_rotation": 90},
								"south": {"uv": [14.66667, 13], "uv_size": [0.66666, 1], "uv_rotation": 90},
								"west": {"uv": [14.66667, 13], "uv_size": [0.66666, 1], "uv_rotation": 90},
								"up": {"uv": [15.33333, 14], "uv_size": [-0.66666, -1], "uv_rotation": 90},
								"down": {"uv": [15.33333, 14], "uv_size": [-0.66666, -1], "uv_rotation": 90}
							}
						},
						{
							"origin": [-12.5, 5.25, 6.5],
							"size": [4, 1, 3],
							"pivot": [-10.5, 5.75, 8],
							"rotation": [0, 0, 22.5],
							"uv": {
								"north": {"uv": [13.66667, 13.33333], "uv_size": [0.66666, 1.33334], "uv_rotation": 90},
								"east": {"uv": [14.66667, 13], "uv_size": [0.66666, 0.66667]},
								"south": {"uv": [13.66667, 13.33333], "uv_size": [0.66666, 1.33334], "uv_rotation": 90},
								"west": {"uv": [13.66667, 13.33333], "uv_size": [0.66666, 1.33334], "uv_rotation": 90},
								"up": {"uv": [14.33333, 14.66667], "uv_size": [-0.66666, -1.33334], "uv_rotation": 90},
								"down": {"uv": [14.33333, 14.66667], "uv_size": [-0.66666, -1.33334], "uv_rotation": 90}
							}
						},
						{
							"origin": [-10.4, 5.25, 6.6],
							"size": [1, 3, 2.8],
							"pivot": [-9.9, 7.25, 8],
							"rotation": [0, 0, -22.5],
							"uv": {
								"north": {"uv": [13.66667, 13], "uv_size": [0.66666, 1]},
								"east": {"uv": [13.66667, 13], "uv_size": [0.66666, 1]},
								"south": {"uv": [13.66667, 13], "uv_size": [0.66666, 1]},
								"west": {"uv": [13.66667, 13], "uv_size": [0.66666, 1]},
								"up": {"uv": [14.33333, 13.66667], "uv_size": [-0.66666, -0.66667]},
								"down": {"uv": [14.33333, 14], "uv_size": [-0.66666, -1]}
							}
						},
						{
							"origin": [-9.4, 5.25, 5.35],
							"size": [2.8, 3, 1],
							"pivot": [-8, 7.25, 5.85],
							"rotation": [22.5, 0, 0],
							"uv": {
								"north": {"uv": [13.66667, 13], "uv_size": [0.66666, 1]},
								"east": {"uv": [13.66667, 13], "uv_size": [0.66666, 1]},
								"south": {"uv": [13.66667, 13], "uv_size": [0.66666, 1], "uv_rotation": 90},
								"west": {"uv": [13.66667, 13], "uv_size": [0.66666, 1]},
								"up": {"uv": [14.33333, 13.66667], "uv_size": [-0.66666, -0.66667]},
								"down": {"uv": [14.33333, 14], "uv_size": [-0.66666, -1]}
							}
						},
						{
							"origin": [-9.5, 5.25, 3.5],
							"size": [3, 1, 4],
							"pivot": [-8, 5.75, 5.5],
							"rotation": [-22.5, 0, 0],
							"uv": {
								"north": {"uv": [14.66667, 13], "uv_size": [0.66666, 0.66667]},
								"east": {"uv": [13.66667, 13.33333], "uv_size": [0.66666, 1.33334], "uv_rotation": 90},
								"south": {"uv": [13.66667, 13.33333], "uv_size": [0.66666, 1.33334]},
								"west": {"uv": [13.66667, 13.33333], "uv_size": [0.66666, 1.33334], "uv_rotation": 90},
								"up": {"uv": [14.33333, 14.66667], "uv_size": [-0.66666, -1.33334]},
								"down": {"uv": [14.33333, 14.66667], "uv_size": [-0.66666, -1.33334]}
							}
						},
						{
							"origin": [-6.6, 5.25, 6.6],
							"size": [1, 3, 2.8],
							"pivot": [-6.1, 7.25, 8],
							"rotation": [0, 0, 22.5],
							"uv": {
								"north": {"uv": [13.66667, 13], "uv_size": [0.66666, 1]},
								"east": {"uv": [13.66667, 13], "uv_size": [0.66666, 1]},
								"south": {"uv": [13.66667, 13], "uv_size": [0.66666, 1]},
								"west": {"uv": [13.66667, 13], "uv_size": [0.66666, 1]},
								"up": {"uv": [14.33333, 13.66667], "uv_size": [-0.66666, -0.66667]},
								"down": {"uv": [14.33333, 14], "uv_size": [-0.66666, -1]}
							}
						},
						{
							"origin": [-7.5, 5.25, 6.5],
							"size": [4, 1, 3],
							"pivot": [-5.5, 5.75, 8],
							"rotation": [0, 0, -22.5],
							"uv": {
								"north": {"uv": [13.66667, 13.33333], "uv_size": [0.66666, 1.33334], "uv_rotation": 270},
								"east": {"uv": [13.66667, 13.33333], "uv_size": [0.66666, 1.33334], "uv_rotation": 270},
								"south": {"uv": [13.66667, 13.33333], "uv_size": [0.66666, 1.33334], "uv_rotation": 270},
								"west": {"uv": [14.66667, 13], "uv_size": [0.66666, 0.66667]},
								"up": {"uv": [14.33333, 14.66667], "uv_size": [-0.66666, -1.33334], "uv_rotation": 270},
								"down": {"uv": [14.33333, 14.66667], "uv_size": [-0.66666, -1.33334], "uv_rotation": 270}
							}
						},
						{
							"origin": [-9.4, 5.25, 9.65],
							"size": [2.8, 3, 1],
							"pivot": [-8, 7.25, 10.15],
							"rotation": [-22.5, 0, 0],
							"uv": {
								"north": {"uv": [13.66667, 13], "uv_size": [0.66666, 1], "uv_rotation": 90},
								"east": {"uv": [13.66667, 13], "uv_size": [0.66666, 1]},
								"south": {"uv": [13.66667, 13], "uv_size": [0.66666, 1]},
								"west": {"uv": [13.66667, 13], "uv_size": [0.66666, 1]},
								"up": {"uv": [14.33333, 13.66667], "uv_size": [-0.66666, -0.66667]},
								"down": {"uv": [14.33333, 14], "uv_size": [-0.66666, -1]}
							}
						},
						{
							"origin": [-9.5, 5.25, 8.5],
							"size": [3, 1, 4],
							"pivot": [-8, 5.75, 10.5],
							"rotation": [22.5, 0, 0],