{
	"format_version": "1.21.20",
	"minecraft:geometry": [
		{
			"description": {
				"identifier": "geometry.vase_14",
				"texture_width": 16,
				"texture_height": 16,
				"visible_bounds_width": 4,
				"visible_bounds_height": 2.5,
				"visible_bounds_offset": [0, 0.75, 0]
			},
			"bones": [
				{
					"name": "group2",
					"pivot": [-10, 1, 8],
					"cubes": [
						{
							"origin": [-13.5, 0.3, 5],
							"size": [4, 5, 4],
							"uv": {
								"north": {"uv": [3, 8.66667], "uv_size": [1.66667, 1.66666]},
								"east": {"uv": [3, 8.66667], "uv_size": [1.66667, 1.66666]},
								"south": {"uv": [3, 8.66667], "uv_size": [1.66667, 1.66666]},
								"west": {"uv": [3, 8.66667], "uv_size": [1.66667, 1.66666]},
								"up": {"uv": [4.66667, 10.33333], "uv_size": [-1.66667, -1.66666]},
								"down": {"uv": [4.66667, 10.33333], "uv_size": [-1.66667, -1.66666]}
							}
						},
						{
							"origin": [-13, 1.05, 4.95],
							"size": [3, 3.5, 0.95],
							"uv": {
								"north": {"uv": [5.33333, 14], "uv_size": [1.66667, 2], "uv_rotation": 90},
								"east": {"uv": [5.33333, 14], "uv_size": [1.66667, 2], "uv_rotation": 90},
								"south": {"uv": [5.33333, 14], "uv_size": [1.66667, 2], "uv_rotation": 90},
								"west": {"uv": [5.33333, 14], "uv_size": [1.66667, 2], "uv_rotation": 90},
								"up": {"uv": [7, 16], "uv_size": [-1.66667, -2], "uv_rotation": 90},
								"down": {"uv": [7, 16], "uv_size": [-1.66667, -2], "uv_rotation": 90}
							}
						},
						{
							"origin": [-13, 3.4, 5.5],
							"size": [3, 2, 3],
							"uv": {
								"north": {"uv": [0.33333, 11], "uv_size": [1.66667, 1.66667]},
								"east": {"uv": [0.33333, 11], "uv_size": [1.66667, 1.66667]},
								"south": {"uv": [0.33333, 11], "uv_size": [1.66667, 1.66667]},
								"west": {"uv": [0.33333, 11], "uv_size": [1.66667, 1.66667]},
								"up": {"uv": [2, 12.66667], "uv_size": [-1.66667, -1.66667]},
								"down": {"uv": [2, 12.66667], "uv_size": [-1.66667, -1.66667]}
							}
						},
						{
							"origin": [-11.65, 4.4, 6.85],
							"size": [0.3, 2, 0.3],
							"uv": {
								"north": {"uv": [9.33333, 14.66667], "uv_size": [0.33334, 1]},
								"east": {"uv": [9.33333, 14.66667], "uv_size": [0.33334, 1]},
								"south": {"uv": [9.33333, 14.66667], "uv_size": [0.33334, 1]},
								"west": {"uv": [9.33333, 14.66667], "uv_size": [0.33334, 1]},
								"up": {"uv": [9.66667, 15.66667], "uv_size": [-0.33334, -1]},
								"down": {"uv": [9.66667, 15.66667], "uv_size": [-0.33334, -1]}
							}
						},
						{
							"origin": [-12.15, 6.4, 6.95],
							"size": [1.3, 2, 0],
							"uv": {
								"north": {"uv": [10.66667, 4], "uv_size": [1, 1.33333]},
								"east": {"uv": [10.66667, 4], "uv_size": [1, 1.33333]},
								"south": {"uv": [10.66667, 4], "uv_size": [1, 1.33333]},
								"west": {"uv": [10.66667, 4], "uv_size": [1, 1.33333]},
								"up": {"uv": [11.66667, 5.33333], "uv_size": [-1, -1.33333]},
								"down": {"uv": [11.66667, 5.33333], "uv_size": [-1, -1.33333]}
							}
						},
						{
							"origin": [-11.5, 6.4, 6.3],
							"size": [0, 2, 1.3],
							"uv": {
								"north": {"uv": [10.66667, 4], "uv_size": [1, 1.33333]},
								"east": {"uv": [10.66667, 4], "uv_size": [1, 1.33333]},
								"south": {"uv": [10.66667, 4], "uv_size": [1, 1.33333]},
								"west": {"uv": [10.66667, 4], "uv_size": [1, 1.33333]},
								"up": {"uv": [11.66667, 5.33333], "uv_size": [-1, -1.33333], "uv_rotation": 270},
								"down": {"uv": [11.66667, 5.33333], "uv_size": [-1, -1.33333], "uv_rotation": 90}
							}
						},
						{
							"origin": [-14.5, 0.2, 1.5],
							"size": [13, 0.1, 13],
							"pivot": [-8, 0.25, 8],
							"rotation": [0, -22.5, 0],
							"uv": {
								"north": {"uv": [0, 0], "uv_size": [4, 4]},
								"east": {"uv": [0, 0], "uv_size": [4, 4]},
								"south": {"uv": [0, 0], "uv_size": [4, 4]},
								"west": {"uv": [0, 0], "uv_size": [4, 4]},
								"up": {"uv": [4, 4], "uv_size": [-4, -4]},
								"down": {"uv": [4, 4], "uv_size": [-4, -4]}
							}
						}
					]
				},
				{
					"name": "group",
					"pivot": [0, 0, 0],
					"cubes": [
						{
							"origin": [-7, 0.3, 7],
							"size": [4, 0.75, 4],
							"uv": {
								"north": {"uv": [11, 15.66667], "uv_size": [2, 0.33333]},
								"east": {"uv": [11, 15.66667], "uv_size": [2, 0.33333]},
								"south": {"uv": [11, 15.66667], "uv_size": [2, 0.33333]},
								"west": {"uv": [11, 15.66667], "uv_size": [2, 0.33333]},
								"up": {"uv": [16, 12.66667], "uv_size": [-2, -2]},
								"down": {"uv": [16, 12.66667], "uv_size": [-2, -2]}
							}
						},
						{
							"origin": [-7, 7.55, 7],
							"size": [4, 1, 4],
							"uv": {
								"north": {"uv": [11, 11.66667], "uv_size": [2, 0.33333]},
								"east": {"uv": [11, 11.66667], "uv_size": [2, 0.33333]},
								"south": {"uv": [11, 11.66667], "uv_size": [2, 0.33333]},
								"west": {"uv": [11, 11.66667], "uv_size": [2, 0.33333]},
								"up": {"uv": [16, 12.66667], "uv_size": [-2, -2]},
								"down": {"uv": [16, 12.66667], "uv_size": [-2, -2]}
							}
						},
						{
							"origin": [-7, 7.45, 7],
							"size": [4, 0.01, 4],
							"uv": {
								"north": {"uv": [11, 12.66667], "uv_size": [1.33333, 1.33333]},
								"east": {"uv": [11, 12.66667], "uv_size": [1.33333, 1.33333]},
								"south": {"uv": [11, 12.66667], "uv_size": [1.33333, 1.33333]},
								"west": {"uv": [11, 12.66667], "uv_size": [1.33333, 1.33333]},
								"up": {"uv": [12.33333, 14], "uv_size": [-1.33333, -1.33333]},
								"down": {"uv": [12.33333, 14], "uv_size": [-1.33333, -1.33333]}
							}
						},
						{
							"origin": [-7, 10.55, 7],
							"size": [4, 0.7, 4],
							"uv": {
								"north": {"uv": [11, 10.66667], "uv_size": [2, 0.33333]},
								"east": {"uv": [11, 10.66667], "uv_size": [2, 0.33333]},
								"south": {"uv": [11, 10.66667], "uv_size": [2, 0.33333]},
								"west": {"uv": [11, 10.66667], "uv_size": [2, 0.33333]},
								"up": {"uv": [16, 12.66667], "uv_size": [-2, -2]},
								"down": {"uv": [16, 12.66667], "uv_size": [-2, -2]}
							}
						},
						{
							"origin": [-6, 8.55, 8],
							"size": [2, 2, 2],
							"uv": {
								"north": {"uv": [11.33333, 11], "uv_size": [1.33334, 0.66667]},
								"east": {"uv": [11.33333, 11], "uv_size": [1.33334, 0.66667]},
								"south": {"uv": [11.33333, 11], "uv_size": [1.33334, 0.66667]},
								"west": {"uv": [11.33333, 11], "uv_size": [1.33334, 0.66667]},
								"up": {"uv": [16, 12.66667], "uv_size": [-2, -2]},
								"down": {"uv": [16, 12.66667], "uv_size": [-2, -2]}
							}
						},
						{
							"origin": [-8, 1.05, 6],
							"size": [6, 6.5, 6],
							"uv": {
								"north": {"uv": [10.66667, 12], "uv_size": [2.66666, 3.66667]},
								"east": {"uv": [10.66667, 12], "uv_size": [2.66666, 3.66667]},
								"south": {"uv": [10.66667, 12], "uv_size": [2.66666, 3.66667]},
								"west": {"uv": [10.66667, 12], "uv_size": [2.66666, 3.66667]},
								"up": {"uv": [16, 12.66667], "uv_size": [-2, -2]},
								"down": {"uv": [16, 12.66667], "uv_size": [-2, -2]}
							}
						},
						{
							"origin": [-5, 11.05, 4.5],
							"size": [0, 10.25, 0.01],
							"uv": {
								"north": {"uv": [12.06667, 0], "uv_size": [3.93333, 6.5]},
								"east": {"uv": [12.06667, 0], "uv_size": [3.93333, 6.5]},
								"south": {"uv": [12.06667, 0], "uv_size": [3.93333, 6.5]},
								"west": {"uv": [12.06667, 0], "uv_size": [3.93333, 6.5]},
								"up": {"uv": [16, 10.4], "uv_size": [-3.93333, -10.4]},
								"down": {"uv": [16, 10.4], "uv_size": [-3.93333, -10.4]}
							}
						},
						{
							"origin": [-9.5, 11.05, 9],
							"size": [9, 10.25, 0.01],
							"uv": {
								"north": {"uv": [12.06667, 0], "uv_size": [3.93333, 6.5]},
								"east": {"uv": [12.06667, 0], "uv_size": [3.93333, 6.5]},
								"south": {"uv": [12.06667, 0], "uv_size": [3.93333, 6.5]},
								"west": {"uv": [12.06667, 0],